{
  "threat": {
    "precision": 0.9285714285714286,
    "recall": 0.9285714285714286,
    "f1-score": 0.9285714285714286,
    "support": 14,
    "confused_with": {
      "waste": 1
    }
  },
  "sign": {
    "precision": 0.8823529411764706,
    "recall": 0.8823529411764706,
    "f1-score": 0.8823529411764706,
    "support": 17,
    "confused_with": {
      "threat": 1,
      "cause_to_effect": 1
    }
  },
  "sunk_costs": {
    "precision": 1.0,
    "recall": 0.9545454545454546,
    "f1-score": 0.9767441860465117,
    "support": 22,
    "confused_with": {
      "sign": 1
    }
  },
  "cause_to_effect": {
    "precision": 0.9666666666666667,
    "recall": 0.9666666666666667,
    "f1-score": 0.9666666666666667,
    "support": 30,
    "confused_with": {
      "sign": 1
    }
  },
  "waste": {
    "precision": 0.9565217391304348,
    "recall": 1.0,
    "f1-score": 0.9777777777777777,
    "support": 22,
    "confused_with": {}
  },
  "accuracy": 0.9523809523809523,
  "macro avg": {
    "precision": 0.946822555109,
    "recall": 0.9464272981920041,
    "f1-score": 0.946422600047771,
    "support": 105
  },
  "weighted avg": {
    "precision": 0.9527950310559006,
    "recall": 0.9523809523809523,
    "f1-score": 0.9523760305155654,
    "support": 105
  },
  "micro avg": {
    "precision": 0.9523809523809523,
    "recall": 0.9523809523809523,
    "f1-score": 0.9523809523809523,
    "support": 105
  }
}